GAGEID number,GAGEID text,COMID,Description,LAT,LONG,STATE,BASIN_AREA (meters2),Drainage Area (mi2),FRESHWATER_WD (withdrawals MegaL/yr/km2),IMPV11 (% Imprevious NLCD2011),MIRAD_2012 (Irrigated Agland %),NID_STORAGE_2013 (max dam storage ac ft),NORM_STORAGE_2013 (norm dam storage ac ft),"NPDES_MAJ_DENS (maj site density, sites per 100 sq km)","NWALT12_41 (barren areas , probable surface mining/mineral extraction, percent)",PPT7100_ANN (Annual Precip mm),STOdepth (NID_Storage/Basin_Area0,STOpcntprecip (STOdepth/PPT7100),NODATAflag,NEGflag,FRESHWATER_WD_DI,IMPV11_DI,MIRAD_2012_DI,NID_STORAGE_2013_DI,NPDES_MAJ_DENS_DI,NWALT12_41_DI,STOdepth_DI,STOpcntprecip_DI,DI,class,NHDPlus Region,FRESHWATER_WD_DIR,IMPV11_DIR,MIRAD_2012_DIR,NID_STORAGE_2013_DIR,NPDES_MAJ_DENS_DIR,NWALT12_41_DIR,STOdepth_DIR,STOpcntprecip_DIR,DIR,classR,FALCONE CLASS,FALCONE AGGECOREGION,FALCONE HYDRO_DISTURB_INDX,FALCONE WR_REPORT_REMARKS,FALCONE ADR_CITATION,FALCONE SCREENING_COMMENTS,Compare new Ref/Non-ref to Falcone,Compare new Regional Ref/Non-ref to Falcone,PRIORITY,Reviewer Initials,"Review Date
YYYY-MM-DD",NATIONAL REF ALL/HIGH/LOW,Upstream Impacts,COMMENTS
1094400,1094400,6075713,characteristics computed for north nashua river at fitchburg ma,42.57622116,-71.78791995,ma,166189164.2,64.17,32.0,6.40704875,0.0,19165.61304,10472.1,0.0,0.196278344,1239.214884,142.1893564,0.114741485,0.0,0.0,5.0,6.0,0.0,3.0,0.0,4.0,4.0,4.0,19.0,Non-ref,1,5.0,5.0,0.0,3.0,0.0,4.0,4.0,4.0,18.0,Non-ref,Non-ref,NorthEast,13.0,Flow regulated by mills and reservoirs upstream. Flow affected by diversions for municipal use.,http://web10capp.er.usgs.gov/imf/sites/adr/pdfs/01094400.2005.pdf,proximal urban,SAME,SAME,0.0,GCB,10/29/2019,REF_HIGH,Some water-supply withdrawals,
1094500,1094500,6078037,characteristics computed for north nashua river near leominster ma,42.49533156,-71.72188526,ma,282096907.8,108.92,31.81960069,11.62655687,0.040088736,33471.2,18983.1,0.71157506,0.120266207,1239.023182,146.291817,0.118070282,0.0,0.0,5.0,6.0,1.0,3.0,5.0,4.0,4.0,4.0,25.0,Non-ref,1,5.0,5.0,2.0,3.0,4.0,3.0,4.0,4.0,23.0,Non-ref,Non-ref,NorthEast,23.0,Flow includes diversion to basin for municipal supplies,http://web10capp.er.usgs.gov/imf/sites/adr/pdfs/01094500.2005.pdf,proximal urban,SAME,SAME,0.0,GCB,10/29/2019,REF_HIGH,Some wastewater discharges,
1095000,1095000,6078703,characteristics computed for rocky brook near sterling ma,42.44921539,-71.80229078,ma,5161087.289,1.99,33.88393657,0.641858708,0.0,416.0,286.0,0.0,0.0,1279.216067,99.38004823,0.077688243,0.0,0.0,5.0,3.0,0.0,1.0,0.0,0.0,4.0,4.0,12.0,Non-ref,1,6.0,2.0,0.0,1.0,0.0,0.0,3.0,3.0,11.0,Ref,,,,,,,,,0.0,GCB,10/29/2019,REF_ALL,,
1095200,1095200,6078275,characteristics computed for houghton brook near oakdale ma,42.41599453,-71.80309849,ma,1899889.955,0.73,32.0,5.618612988,0.0,0.0,0.0,0.0,0.0,1262.242265,0.0,0.0,0.0,0.0,5.0,5.0,0.0,0.0,0.0,0.0,0.0,0.0,10.0,Ref,1,5.0,5.0,0.0,0.0,0.0,0.0,0.0,0.0,10.0,Ref,,,,,,,,,0.0,GCB,10/29/2019,REF_HIGH,,CSG site
1095220,1095220,6078267,characteristics computed for stillwater river near sterling ma,42.41085756,-71.79130319,ma,78820169.15,30.43,32.0,1.630200778,0.0,1764.4,1085.5,0.0,0.442355331,1275.238459,27.59985265,0.021642895,0.0,0.0,5.0,4.0,0.0,2.0,0.0,5.0,3.0,3.0,17.0,Non-ref,1,5.0,3.0,0.0,2.0,0.0,5.0,2.0,2.0,15.0,Non-ref,Non-ref,NorthEast,12.0,,http://wdr.water.usgs.gov/wy2008/pdfs/01095220.2008.pdf,"forest & suburban, NEoA",SAME,SAME,2.0,GCB,10/29/2019,REF_ALL,,
1096000,1096000,6076039,characteristics computed for squannacook river near west groton ma,42.63414698,-71.65800168,ma,171502914.5,66.22,13.66522782,2.236042405,0.180597724,4913.04,3229.55,0.0,0.280929794,1220.063724,35.32042105,0.028949653,0.0,0.0,4.0,5.0,2.0,2.0,0.0,5.0,3.0,3.0,19.0,Non-ref,1,3.0,4.0,4.0,2.0,0.0,5.0,2.0,2.0,18.0,Non-ref,Non-ref,NorthEast,11.0,Entire flow from 2.20 mi² upstream from outlet of Ashby Reservoir diverted for municipal supply of Fitchburg,http://web10capp.er.usgs.gov/imf/sites/adr/pdfs/01096000.2005.pdf,upstrm regulated lakes,SAME,SAME,2.0,GCB,10/30/2019,REF_ALL,Some minor water withdrawals upstream,
1096500,1096500,6075425,characteristics computed for nashua river at east pepperell ma,42.66753509,-71.57562033,ma,1125575464.0,434.58,27.22037409,6.809385283,0.120001649,817188.43,615502.69,0.440006047,0.280003848,1233.016945,895.1476348,0.725981616,0.0,0.0,5.0,6.0,2.0,5.0,5.0,5.0,7.0,7.0,30.0,Non-ref,1,5.0,5.0,4.0,6.0,4.0,4.0,8.0,8.0,30.0,Non-ref,Non-ref,NorthEast,26.0,Wachusett Reservoir,http://web10capp.er.usgs.gov/imf/sites/adr/pdfs/01096500.2005.pdf,proximal dam/diversion,SAME,SAME,0.0,GCB,10/29/2019,NONREF,Upstream water-supply reservoir and hydropower dam,
1097000,1097000,6772217,characteristics computed for assabet river at maynard ma,42.43233717,-71.44996935,ma,299503325.1,115.64,25.90332099,13.17812149,0.0,34693.64,10235.4,0.997160398,0.040289309,1217.173947,142.8220611,0.117339072,0.0,0.0,5.0,6.0,0.0,3.0,6.0,3.0,4.0,4.0,24.0,Non-ref,1,5.0,5.0,0.0,3.0,5.0,2.0,4.0,4.0,21.0,Non-ref,Non-ref,NorthEast,28.0,"Since 1962, high flow affected by retarding reservoirs and, since 1970, occasional release at low flow",http://web10capp.er.usgs.gov/imf/sites/adr/pdfs/01097000.2005.pdf,urban & regulated lakes,SAME,SAME,0.0,GCB,10/29/2019,REF_HIGH,????,
1097300,1097300,6771169,characteristics computed for nashoba brook near acton ma,42.51248236,-71.40466365,ma,32173541.18,12.42,14.29999998,12.32058017,0.0,70.0,50.0,0.0,1.311132179,1173.549708,2.682540285,0.002285834,0.0,0.0,4.0,6.0,0.0,0.0,0.0,7.0,1.0,1.0,18.0,Non-ref,1,4.0,5.0,0.0,0.0,0.0,7.0,0.0,0.0,16.0,Non-ref,Non-ref,NorthEast,13.0,Occasional regulation since 1967 by pond upstream.,http://web10capp.er.usgs.gov/imf/sites/adr/pdfs/01097300.2005.pdf,"prox urban, regulated ponds",SAME,SAME,0.0,GCB,10/30/2019,REF_ALL,,
1097452,1097452,6772985,characteristics computed for jackstraw brook at hopkinton rd westborough ma,42.25781146,-71.60304265,ma,3412350.416,1.32,32.0,13.84433115,0.0,0.0,0.0,0.0,1.001108793,1222.318864,0.0,0.0,0.0,0.0,5.0,6.0,0.0,0.0,0.0,6.0,0.0,0.0,17.0,Non-ref,1,5.0,5.0,0.0,0.0,0.0,6.0,0.0,0.0,16.0,Non-ref,,,,,,,,,0.0,GCB,10/29/2019,REF_HIGH,,CSG site
1098530,1098530,6772927,characteristics computed for sudbury river at saxonville ma,42.32532596,-71.39744878,ma,274426096.3,105.96,19.13119685,19.82472468,0.2502773,74186.66,42528.11,0.360399313,0.138880344,1207.020831,333.3093433,0.276142163,0.0,0.0,4.0,7.0,3.0,4.0,5.0,4.0,5.0,5.0,28.0,Non-ref,1,4.0,6.0,4.0,4.0,3.0,3.0,5.0,5.0,25.0,Non-ref,Non-ref,NorthEast,31.0,Flow regulated by reservoirs upstream and affected by diversions and spillage.,http://web10capp.er.usgs.gov/imf/sites/adr/pdfs/01098530.2005.pdf,urban & regulated lakes,SAME,SAME,0.0,GCB,10/29/2019,NONREF,Upstream reservoirs,
1099500,1099500,6771379,characteristics computed for concord r below r meadow brook at lowell ma,42.6368035,-71.30194405,ma,1035545528.0,399.82,18.9300787,15.17980903,0.100000416,117146.61,57850.93,0.770003201,0.100000416,1199.004985,139.4786081,0.116328631,0.0,0.0,4.0,6.0,2.0,4.0,6.0,4.0,4.0,4.0,26.0,Non-ref,1,4.0,6.0,3.0,4.0,4.0,3.0,4.0,4.0,24.0,Non-ref,Non-ref,NorthEast,32.0,Low flow regulated by mills upstream.,http://web10capp.er.usgs.gov/imf/sites/adr/pdfs/01099500.2005.pdf,urban basin,SAME,SAME,0.0,GCB,10/30/2019,REF_HIGH,,
1100000,1100000,6746184,characteristics computed for merrimack river bl concord river at lowell ma,42.6464372,-71.29810454,ma,11985289117.0,4627.52,14.60014075,4.635140905,0.050023459,2202984.748,1163054.22,0.29013606,0.270126676,1188.025198,226.6261665,0.19075872,0.0,0.0,4.0,5.0,1.0,6.0,4.0,5.0,5.0,4.0,24.0,Non-ref,1,4.0,4.0,2.0,7.0,3.0,4.0,4.0,4.0,21.0,Non-ref,Non-ref,NorthEast,27.0,"Flow regulated by powerplants, Franklin Falls Reservoir since 1942, and by other lakes and reservoirs upstream.",http://web10capp.er.usgs.gov/imf/sites/adr/pdfs/01100000.2005.pdf,"urban, regulation, upstrm reservoirs",SAME,SAME,0.0,GCB,10/30/2019,NONREF,Upstream hydropower dams,
1100100,1100100,6744996,characteristics computed for richardson brook near lowell ma,42.66342494,-71.26700793,ma,11411861.38,4.41,14.57628753,13.85376637,0.0,0.0,0.0,0.0,1.559560834,1132.958073,0.0,0.0,0.0,0.0,4.0,6.0,0.0,0.0,0.0,7.0,0.0,0.0,17.0,Non-ref,1,4.0,5.0,0.0,0.0,0.0,7.0,0.0,0.0,16.0,Non-ref,,,,,,,,,0.0,GCB,10/30/2019,REF_HIGH,,CSG site
1100500,1100500,6746076,characteristics computed for merrimack river at lawrence ma,42.70440519,-71.15310322,ma,12079944412.0,4664.07,14.59006424,4.795840976,0.050003088,2224994.83,1183396.22,0.290017913,0.280017295,1187.001942,227.0968693,0.191319712,0.0,0.0,4.0,5.0,1.0,6.0,4.0,5.0,5.0,4.0,24.0,Non-ref,1,4.0,4.0,2.0,7.0,3.0,4.0,4.0,4.0,21.0,Non-ref,,,,,,,,,0.0,GCB,10/30/2019,NONREF,Upstream hydropower dams,
1100568,1100568,6747190,characteristics computed for shawsheen river at hanscom field near bedford ma,42.46711505,-71.27228908,ma,253637.1064,0.10,14.29999988,50.51682315,0.0,0.0,0.0,0.0,0.0,1194.296936,0.0,0.0,0.0,0.0,4.0,8.0,0.0,0.0,0.0,0.0,0.0,0.0,12.0,Ref,1,4.0,8.0,0.0,0.0,0.0,0.0,0.0,0.0,12.0,Ref,,,,,,,,,0.0,GCB,10/30/2019,NONREF,Upstream runways and tarmac for Hanscom AFB and occassional backwater from beaver dams,Drainage area shown does not appear right or large enough?
1100600,1100600,6745188,characteristics computed for shawsheen river near wilmington ma,42.56811547,-71.21519317,ma,79842988.46,30.83,14.30016923,29.05034379,0.0,56.7,19.74,0.0,0.0,1193.014119,0.875574998,0.000733918,0.0,0.0,4.0,7.0,0.0,0.0,0.0,0.0,0.0,0.0,11.0,Ref,1,4.0,7.0,0.0,0.0,0.0,0.0,0.0,0.0,11.0,Ref,Non-ref,NorthEast,17.0,Diversion upstream at times each year since 1973 for municipal supply of Burlington.,http://wdr.water.usgs.gov/wy2006/pdfs/01100600.2006.pdf,prox suburban,NEWREF,NEWREF,1.0,GCB,10/30/2019,REF_HIGH,Upstream groundwater-supply withdrawals,
1100800,1100800,6744436,characteristics computed for cobbler brook near merrimac ma,42.84854166,-71.01894596,ma,2106554.007,0.81,13.36001003,1.442400657,0.0,0.0,0.0,0.0,0.0,1185.149202,0.0,0.0,0.0,0.0,4.0,4.0,0.0,0.0,0.0,0.0,0.0,0.0,8.0,Ref,1,3.0,3.0,0.0,0.0,0.0,0.0,0.0,0.0,6.0,Ref,,,,,,,,,0.0,GCB,11/5/2019,REF_HIGH,,CSG site
1101000,1101000,5860613,characteristics computed for parker river at byfield ma,42.75262733,-70.94564052,ma,55453695.18,21.41,13.55,4.971810491,0.222508193,1330.0,770.0,0.0,0.030342026,1196.937523,29.57115087,0.024705676,0.0,0.0,4.0,5.0,2.0,2.0,0.0,2.0,3.0,3.0,16.0,Non-ref,1,3.0,4.0,4.0,2.0,0.0,2.0,2.0,2.0,15.0,Non-ref,Non-ref,NorthEast,15.0,Occasional regulation by mill and ponds upstream.,http://web10capp.er.usgs.gov/imf/sites/adr/pdfs/01101000.2005.pdf,proximal millpond,SAME,SAME,2.0,GCB,11/5/2019,REF_ALL,Some minor upstream water-withdrawals,
1101500,1101500,5862629,characteristics computed for ipswich river at south middleton ma,42.56963652,-71.02699221,ma,114967970.2,44.39,14.15894782,20.58611454,0.0,6834.5,2840.5,0.0,0.661646736,1195.132074,73.29544078,0.061328319,0.0,0.0,4.0,7.0,0.0,2.0,0.0,6.0,4.0,3.0,21.0,Non-ref,1,4.0,6.0,0.0,2.0,0.0,6.0,3.0,3.0,19.0,Non-ref,Non-ref,NorthEast,26.0,"Diversions upstream for municipal supply of Reading, Lynn, and Peabody. Occasional regulation by mill upstream.",http://web10capp.er.usgs.gov/imf/sites/adr/pdfs/01101500.2005.pdf,suburban & regulated pond,SAME,SAME,2.0,GCB,11/5/2019,REF_HIGH,Upstream water-supply withdrawals  ,
1102000,1102000,5860401,characteristics computed for ipswich river near ipswich ma,42.65964957,-70.8936938,ma,322679545.8,124.59,13.78068921,13.41622636,0.0,48694.1,37197.46,0.0,0.300898968,1194.913829,186.0595573,0.155709602,0.0,0.0,4.0,6.0,0.0,4.0,0.0,5.0,5.0,4.0,20.0,Non-ref,1,3.0,5.0,0.0,4.0,0.0,5.0,4.0,4.0,17.0,Non-ref,Non-ref,NorthEast,25.0,"Diversions upstream for municipal supply of Reading, Lynn, Peabody, Danvers, Salem, and Beverly. Some regulation by reservoirs upstream.",http://web10capp.er.usgs.gov/imf/sites/adr/pdfs/01102000.2005.pdf,prox regulated pond,SAME,SAME,0.0,GCB,11/5/2019,REF_HIGH,Upstream water-supply withdrawals  ,
1102345,1102345,5867391,characteristics computed for saugus river at saugus ironworks at saugus ma,42.46956039,-71.006815,ma,63870663.66,24.66,13.89415209,30.90965524,0.0,17162.2,12774.5,0.0,0.060732721,1206.235326,331.2978419,0.274654402,0.0,0.0,4.0,7.0,0.0,3.0,0.0,3.0,5.0,5.0,19.0,Non-ref,1,4.0,7.0,0.0,3.0,0.0,2.0,5.0,5.0,18.0,Non-ref,Non-ref,NorthEast,22.0,Seasonal regulation by ponds upstream.,http://wdr.water.usgs.gov/wy2008/pdfs/01102345.2008.pdf,urban,SAME,SAME,0.0,GCB,11/5/2019,REF_HIGH,"Water-supply reservoirs on tributary, but tributary is excluded from drainage area in statistics",
1102500,1102500,5867393,characteristics computed for aberjona river at winchester ma,42.44731854,-71.13845365,ma,79733535.78,30.79,14.3,43.0266919,0.0,2573.0,1385.0,0.0,0.182459446,1210.954296,39.78742563,0.032856257,0.0,0.0,4.0,8.0,0.0,2.0,0.0,4.0,3.0,3.0,19.0,Non-ref,1,4.0,8.0,0.0,2.0,0.0,4.0,2.0,2.0,18.0,Non-ref,Non-ref,NorthEast,17.0,Flow affected by diversions for industrial use and for municipal,http://web10capp.er.usgs.gov/imf/sites/adr/pdfs/01102500.2005.pdf,urban basin,SAME,SAME,2.0,GCB,11/5/2019,REF_HIGH,Urban and upstream withdrawals,
1103500,1103500,5867435,characteristics computed for charles river at dover ma,42.25631907,-71.26000196,ma,473372859.5,182.77,16.25783932,13.30997031,0.302062979,11907.68,6750.46,0.634332255,0.261787915,1224.109372,31.01493517,0.025336735,0.0,0.0,4.0,6.0,3.0,3.0,5.0,5.0,3.0,3.0,26.0,Non-ref,1,4.0,5.0,5.0,3.0,4.0,4.0,2.0,2.0,24.0,Non-ref,Non-ref,NorthEast,23.0,Flow affected by diversions to and from basin for municipal supplies.,http://web10capp.er.usgs.gov/imf/sites/adr/pdfs/01103500.2005.pdf,suburban & regulated ponds,SAME,SAME,2.0,GCB,10/29/2019,REF_ALL,Some upstream water-supply withdrawals,
1104000,1104000,5867457,characteristics computed for mother brook at dedham ma,42.25475663,-71.16443918,ma,772173.1651,0.30,5.778448843,57.96394148,0.0,650.0,0.0,0.0,0.0,1232.144877,1037.87662,0.842333267,0.0,0.0,3.0,8.0,0.0,1.0,0.0,0.0,8.0,7.0,19.0,Non-ref,1,3.0,8.0,0.0,1.0,0.0,0.0,8.0,8.0,19.0,Non-ref,,,,,,,,,0.0,GCB,10/29/2019,NONREF,,"Diversion channel to send water from the Charles River to the Nepsonet River, primarily for flood control"
1104200,1104200,5867409,characteristics computed for charles river at wellesley ma,42.31639447,-71.22752213,ma,547735631.4,211.48,15.87712866,15.19874007,0.261590945,12621.68,7081.46,0.543304271,0.231407375,1223.145388,28.41144016,0.023228179,0.0,0.0,4.0,6.0,3.0,3.0,5.0,4.0,3.0,3.0,25.0,Non-ref,1,4.0,6.0,4.0,3.0,4.0,4.0,2.0,2.0,24.0,Non-ref,Non-ref,NorthEast,22.0,"Flow affected by diversion to Mother Brook (station 01104000), and by diversions to and from basin",http://web10capp.er.usgs.gov/imf/sites/adr/pdfs/01104200.2005.pdf,prox urban,SAME,SAME,2.0,GCB,10/29/2019,NONREF,Affected by upstream Mother Brook Diversion,
1104500,1104500,5868225,characteristics computed for charles river at waltham ma,42.37255012,-71.23374863,ma,647323857.9,249.93,15.65089444,15.86096507,0.220145761,41231.68,30656.46,0.460304773,0.20013251,1219.014397,78.53377861,0.064423996,0.0,0.0,4.0,6.0,2.0,3.0,5.0,4.0,4.0,3.0,25.0,Non-ref,1,4.0,6.0,4.0,4.0,4.0,4.0,3.0,3.0,25.0,Non-ref,Non-ref,NorthEast,24.0,Flow affected by diversion of water:,http://web10capp.er.usgs.gov/imf/sites/adr/pdfs/01104500.2005.pdf,prox urban & regulating dam,SAME,SAME,2.0,GCB,10/29/2019,REF_HIGH,Affected some by upstream Mother Brook Diversion,
1104600,1104600,5867401,characteristics computed for beaver brook at belmont ma,42.39065957,-71.19695542,ma,13466211.35,5.20,14.29999993,27.29308778,0.0,0.0,0.0,0.0,0.0,1200.426633,0.0,0.0,0.0,0.0,4.0,7.0,0.0,0.0,0.0,0.0,0.0,0.0,11.0,Ref,1,4.0,7.0,0.0,0.0,0.0,0.0,0.0,0.0,11.0,Ref,,,,,,,,,0.0,GCB,11/5/2019,REF_HIGH,,CSG site
1105000,1105000,5867537,characteristics computed for neponset river at norwood ma,42.17756743,-71.20089063,ma,90184317.8,34.82,15.11000003,17.8666061,0.05409934,7199.59,4119.47,1.103626539,0.205577493,1222.439589,98.42916878,0.080518636,0.0,0.0,4.0,7.0,1.0,3.0,6.0,4.0,4.0,4.0,26.0,Non-ref,1,4.0,6.0,3.0,2.0,5.0,4.0,3.0,3.0,25.0,Non-ref,Non-ref,NorthEast,21.0,Flow regulated by mills and reservoirs upstream. Flow affected by several diversions upstream for municipal and industrial use.,http://web10capp.er.usgs.gov/imf/sites/adr/pdfs/01105000.2005.pdf,urban basin,SAME,SAME,0.0,GCB,11/5/2019,REF_HIGH,Upstream water-supply withdrawals,
1105500,1105500,5867561,characteristics computed for east branch neponset river at canton ma,42.15453247,-71.14588436,ma,69004547.67,26.64,15.11,20.40441022,0.0,5449.580878,2506.28,0.0,0.0,1240.019436,97.37163577,0.078524282,0.0,0.0,4.0,7.0,0.0,2.0,0.0,0.0,4.0,4.0,15.0,Non-ref,1,4.0,6.0,0.0,2.0,0.0,0.0,3.0,3.0,13.0,Non-ref,Non-ref,NorthEast,14.0,"Flow regulated by Forge, Bolivar, Massapoag, and Reservoir Ponds, and other ponds upstream. Flow affected by diversions",http://web10capp.er.usgs.gov/imf/sites/adr/pdfs/01105500.2005.pdf,prox urban & regulated ponds,SAME,SAME,0.0,GCB,11/5/2019,REF_HIGH,Upstream water-supply withdrawals and pond manipulations,
1105600,1105600,5863773,characteristics computed for old swamp river near south weymouth ma,42.19014656,-70.94491509,ma,11543039.85,4.46,15.78992625,28.76582065,0.0,0.0,0.0,0.0,0.0,1188.819155,0.0,0.0,0.0,0.0,4.0,7.0,0.0,0.0,0.0,0.0,0.0,0.0,11.0,Ref,1,4.0,7.0,0.0,0.0,0.0,0.0,0.0,0.0,11.0,Ref,Non-ref,NorthEast,14.0,,http://web10capp.er.usgs.gov/imf/sites/adr/pdfs/01105600.2005.pdf,dense proximal urban,NEWREF,NEWREF,1.0,GCB,10/29/2019,REF_ALL,,
1105730,1105730,5876155,characteristics computed for indian head river at hanover ma,42.10052638,-70.82252026,ma,79742356.65,30.79,16.65681489,17.66122221,0.160354415,2005.0,1053.0,1.25276887,0.040088604,1191.964869,31.00076332,0.026008118,0.0,0.0,4.0,7.0,2.0,2.0,6.0,3.0,3.0,3.0,25.0,Non-ref,1,4.0,6.0,4.0,2.0,6.0,2.0,2.0,2.0,24.0,Non-ref,Non-ref,NorthEast,21.0,"Some regulation by mills and by Wampatuck, Indian Head, Maquan, and other ponds upstream.",http://web10capp.er.usgs.gov/imf/sites/adr/pdfs/01105730.2005.pdf,much urban,SAME,SAME,2.0,GCB,10/29/2019,REF_ALL,,
1105850,1105850,5875589,characteristics computed for furnace brook near marshfield ma,42.10843047,-70.73092329,ma,4407876.841,1.70,16.67,5.164087348,0.0,0.0,0.0,0.0,2.344501816,1226.899617,0.0,0.0,0.0,0.0,4.0,5.0,0.0,0.0,0.0,7.0,0.0,0.0,16.0,Non-ref,1,4.0,5.0,0.0,0.0,0.0,8.0,0.0,0.0,17.0,Non-ref,,,,,,,,,0.0,GCB,11/5/2019,REF_HIGH,,CSG site
1105870,1105870,166174917,characteristics computed for jones river at kingston ma,41.99068727,-70.73366147,ma,55752957.77,21.53,16.67,5.648183519,1.883558023,4686.6,2788.1,0.0,1.603349575,1257.130153,103.6423025,0.082443574,0.0,0.0,4.0,5.0,4.0,2.0,0.0,7.0,4.0,4.0,24.0,Non-ref,1,4.0,5.0,8.0,2.0,0.0,8.0,3.0,3.0,28.0,Non-ref,Non-ref,NorthEast,16.0,Flow regulated by pond upstream. Flow affected by diversion of water from Silver Lake,http://web10capp.er.usgs.gov/imf/sites/adr/pdfs/01105870.2005.pdf,proximal regulated ponds,SAME,SAME,0.0,GCB,10/30/2019,REF_ALL,"Water-supply reservoir at top of basin, but excluded from drainage area in statistics and some cranberry bog manipulations",
1105880,1105880,5878893,characteristics computed for herring river at north harwich ma,41.70022806,-70.10704201,ma,25390376.72,9.80,4.290000003,7.215971795,0.49447792,0.0,0.0,0.0,-0.034478434,1161.835828,0.0,0.0,0.0,1.0,2.0,6.0,3.0,0.0,0.0,0.0,0.0,0.0,,,1,3.0,5.0,5.0,0.0,0.0,0.0,0.0,0.0,,,Non-ref,SECstPlain,12.0,Flow regulated by many ponds (some with no outlets) upstream.  Surface flow may be affected by ground water that enters from or moves into adjacent basin.,1988 ADR,upstrm regulated (?) lakes,,,1.0,GCB,10/30/2019,REF_HIGH,Ponds and some GW withdrawals and cranberry bog manipulations,Streamgage not used in State-wide regression equations surface-water drainage area and groundwater drainage area don't coincide
1105933,1105933,5878911,characteristics computed for paskamanset river near south dartmouth ma,41.58529399,-70.99038882,ma,67813772.09,26.18,13.67999998,15.42929368,0.165872362,922.71,497.84,1.457216825,0.274547108,1268.109086,16.77623117,0.013229328,0.0,0.0,4.0,6.0,2.0,2.0,7.0,5.0,3.0,2.0,27.0,Non-ref,1,3.0,6.0,4.0,1.0,6.0,4.0,2.0,2.0,25.0,Non-ref,Non-ref,NorthEast,16.0,Flow affected by upstream ground-water withdrawals for municipal water supply.,http://wdr.water.usgs.gov/wy2008/pdfs/01105933.2008.pdf,"forest & suburban, NEoA",SAME,SAME,2.0,GCB,10/29/2019,REF_HIGH,Upstream groundwater-supply withdrawals,
1108000,1108000,6126439,characteristics computed for taunton river near bridgewater ma,41.93395227,-70.95642841,ma,678077169.8,261.81,16.17726752,11.35776514,2.519958568,91499.87,59609.55,0.588944971,0.673285656,1234.94124,166.3751391,0.134723122,0.0,0.0,4.0,6.0,4.0,4.0,5.0,6.0,4.0,4.0,29.0,Non-ref,1,4.0,5.0,8.0,4.0,4.0,6.0,4.0,4.0,31.0,Non-ref,Non-ref,NorthEast,26.0,"Flow affected by diversions to and from basin for municipal supplies. Flow regulated by reservoirs and, prior to about 1975, by powerplants upstream.",http://wdr.water.usgs.gov/wy2006/pdfs/01108000.2006.pdf,upstrm urban & regulated lakes,SAME,SAME,0.0,GCB,10/29/2019,REF_HIGH,Water-supply and waste-water discharge,
1108500,1108500,6125429,characteristics computed for wading river at west mansfield ma,42.00023312,-71.25999034,ma,,#VALUE!,,,,,,,,,,,,,,,,,,,,,,,1,,,,,,,,,,,Non-ref,NorthEast,15.0,Flow regulated by Lake Mirimichi and other lakes and reservoirs upstream.  Diversion upstream for municipal supply of Attleboro and small diversions to and from basin for other municipal supplies.,1986 ADR,"proximal WWT, urbanization, and impoundments",,,,GCB,10/30/2019,REF_ALL,Minor water-withdrawals and some lake level manipulations,
1109000,1109000,6129519,characteristics computed for wading river near norton ma,41.94741947,-71.17651133,ma,112563616.2,43.46,14.30391242,11.27092916,0.0,3558.82,2338.22,0.885553116,0.553470697,1248.030101,38.98118729,0.031234172,0.0,0.0,4.0,6.0,0.0,2.0,6.0,5.0,3.0,3.0,24.0,Non-ref,1,4.0,5.0,0.0,2.0,5.0,6.0,2.0,2.0,22.0,Non-ref,Non-ref,NorthEast,20.0,Diversion upstream for municipal supply of Attleboro and small diversions to and from basin for other municipal supplies.,http://web10capp.er.usgs.gov/imf/sites/adr/pdfs/01109000.2005.pdf,suburban & regulated pond,SAME,SAME,2.0,GCB,10/30/2019,REF_ALL,Minor water-withdrawals and some lake level manipulations,
1109060,1109060,6129565,characteristics computed for threemile river at north dighton ma,41.86630528,-71.12268746,ma,219288426.6,84.67,14.17464388,13.1604733,0.262464101,11502.64,7083.47,0.454264791,0.299535231,1247.088329,64.67387653,0.0518599,0.0,0.0,4.0,6.0,3.0,3.0,5.0,5.0,4.0,3.0,27.0,Non-ref,1,4.0,5.0,4.0,3.0,4.0,5.0,3.0,3.0,25.0,Non-ref,Non-ref,NorthEast,24.0,Flow regulated by Lake Mirimichi and other lakes and reservoirs upstream. Diversions to and from basin upstream for municipal supplies.,http://web10capp.er.usgs.gov/imf/sites/adr/pdfs/01109060.2005.pdf,proximal dam/diversion,SAME,SAME,2.0,GCB,10/30/2019,REF_HIGH,Upstream water withdrawals,
1109070,1109070,6128635,characteristics computed for segreganset river near dighton ma,41.84032052,-71.14305099,ma,27197730.09,10.50,13.67999999,4.830366933,0.0,38.27,8.9,0.0,0.0,1238.00165,1.734893738,0.001401366,0.0,0.0,4.0,5.0,0.0,0.0,0.0,0.0,1.0,1.0,10.0,Ref,1,3.0,4.0,0.0,0.0,0.0,0.0,0.0,0.0,7.0,Ref,Non-ref,NorthEast,11.0,Occasional regulation by ponds upstream. Diversion upstream for Dighton Water District.,http://wdr.water.usgs.gov/wy2006/pdfs/01109070.2006.pdf,upstrm RoR dams,NEWREF,NEWREF,1.0,GCB,10/30/2019,REF_HIGH,Upstream water withdrawals cause it to go dry at times,
1109500,1109500,6116692,characteristics computed for kettle brook at worcester ma,42.23181664,-71.83499639,ma,82065470.49,31.69,32.0778337,10.68964911,0.0,25524.17,14182.16,6.08476408,0.110267553,1242.033225,383.4760469,0.308748622,0.0,0.0,5.0,6.0,0.0,3.0,8.0,4.0,6.0,5.0,29.0,Non-ref,1,6.0,5.0,0.0,3.0,8.0,3.0,5.0,5.0,27.0,Non-ref,Non-ref,NorthEast,29.0,"Since October 1959, city of Worcester diverts flow through tunnel, usually during periods of high flow.  City diverts flow for municipal use from about 7 mi2 of drainage area upstream.  Flow regulated by reservoirs upstream.",1978 ADR,urban & regulated lakes,SAME,SAME,0.0,GCB,10/29/2019,NONREF,"Upstream water-supply withdrawals, flood flow diversion, and very urban",
1110000,1110000,6115740,characteristics computed for quinsigamond river at north grafton ma,42.23066199,-71.71089997,ma,66128132.9,25.53,32.07382085,27.78746261,0.0,3015.33,593.9,0.0,0.360830485,1227.009597,56.22062441,0.045819221,0.0,0.0,5.0,7.0,0.0,2.0,0.0,5.0,3.0,3.0,20.0,Non-ref,1,6.0,7.0,0.0,2.0,0.0,5.0,3.0,3.0,21.0,Non-ref,Non-ref,NorthEast,18.0,Some regulation by Lake Quinsigamond 2.3 mi upstream and by ponds upstream.,http://web10capp.er.usgs.gov/imf/sites/adr/pdfs/01110000.2005.pdf,proximal regulated lake,SAME,SAME,2.0,GCB,10/30/2019,REF_HIGH,Usptream lake with level manipulations,
1110500,1110500,6116708,characteristics computed for blackstone river at northbridge ma,42.15346009,-71.6521304,ma,364094141.7,140.58,32.0,20.95985415,0.01004699,45035.1,23972.95,1.929022012,0.341597648,1232.092429,152.5051526,0.123777364,0.0,0.0,5.0,7.0,0.0,3.0,7.0,5.0,4.0,4.0,28.0,Non-ref,1,5.0,6.0,0.0,4.0,7.0,5.0,4.0,4.0,27.0,Non-ref,Non-ref,NorthEast,26.0,"Flow regulated by mills and reservoirs upstream.  Daily discharge includes flow diverted from Nashua River Basin and, at times, from Quabbin Reservoir to Blackstone River Basin for municipal supply of Worcester.",2002 ADR,suburban,SAME,SAME,0.0,GCB,10/29/2019,NONREF,"Upstream water-supply withdrawals, flood flow diversion, wastewater discharge, and low-flows affected by backwater from hydropower dam just downstream",
1111200,1111200,6116718,characteristics computed for west river below west hill dam nr uxbridge ma,42.10476504,-71.60729522,ma,72111120.27,27.84,31.65329464,3.417892835,0.0,30267.0,376.0,1.38682145,0.142761032,1218.981922,517.504596,0.424538368,0.0,0.0,5.0,5.0,0.0,3.0,6.0,4.0,6.0,6.0,26.0,Non-ref,1,5.0,4.0,0.0,3.0,6.0,3.0,6.0,7.0,25.0,Non-ref,Non-ref,NorthEast,30.0,Flow regulated by West Hill Reservoir.,1990 ADR,proximal dam/diversion,SAME,SAME,0.0,GCB,10/29/2019,REF_LOW,Upstream USACE flood control dam,
1123160,1123160,6146977,characteristics computed for wales brook tributary near wales ma,42.08038983,-72.19681033,ma,1835335.842,0.71,41.34061466,0.221150144,0.0,0.0,0.0,0.0,0.0,1317.877175,0.0,0.0,0.0,0.0,5.0,2.0,0.0,0.0,0.0,0.0,0.0,0.0,7.0,Ref,1,7.0,1.0,0.0,0.0,0.0,0.0,0.0,0.0,8.0,Ref,,,,,,,,,0.0,EAA,12/12/2019,REF_HIGH,,CSG site
1123360,1123360,6147587,characteristics computed for quinebaug r bl e brimfield dam at fiskdale ma,42.10845374,-72.12618188,ma,161563890.5,62.38,34.67824832,1.091799237,0.081778575,92818.43001,15870.3,0.0,0.081778575,1247.085779,708.3322126,0.567989969,0.0,0.0,5.0,4.0,2.0,4.0,0.0,3.0,7.0,7.0,21.0,Non-ref,1,6.0,3.0,3.0,4.0,0.0,3.0,7.0,7.0,22.0,Non-ref,Non-ref,NorthEast,25.0,Flow regulated by East Brimfield Lake,http://web10capp.er.usgs.gov/imf/sites/adr/pdfs/01123360.2005.pdf,proximal reservoir,SAME,SAME,0.0,EAA,12/12/2019,NONREF,Upstream USACE flood control dam built in 1959,
1123500,1123500,6146949,characteristics computed for quinebaug river at westville ma,42.07339798,-72.0738521,ma,229946267.7,88.78,33.4552245,1.942280978,0.060216186,94768.63,16936.83,0.431549336,0.080288249,1250.867334,508.1422595,0.406231937,0.0,0.0,5.0,4.0,1.0,4.0,5.0,3.0,6.0,6.0,24.0,Non-ref,1,6.0,4.0,3.0,4.0,3.0,3.0,6.0,6.0,25.0,Non-ref,,,,,,,,,0.0,EAA,12/12/2019,NONREF,Upstream USACE flood control dam built in 1959,
1123600,1123600,6147605,characteristics computed for quinebaug r bl westville dam nr southbridge ma,42.0826116,-72.05837819,ma,243666031.8,94.08,33.2781022,1.961167083,0.050318984,121388.63,19189.83,0.412615669,0.089097393,1253.834426,614.2286873,0.489880222,0.0,0.0,5.0,4.0,1.0,4.0,5.0,3.0,7.0,6.0,25.0,Non-ref,1,6.0,4.0,3.0,4.0,3.0,3.0,7.0,7.0,26.0,Non-ref,Non-ref,NorthEast,31.0,Flow regulated by Westville and East Brimfield Lakes and by other mills and reservoirs upstream.,http://web10capp.er.usgs.gov/imf/sites/adr/pdfs/01123600.2005.pdf,proximal reservoir,SAME,SAME,0.0,EAA,12/12/2019,NONREF,Upstream USACE flood control dam built in 1959,
1124050,1124050,6144491,characteristics computed for tufts branch at dudley ma,42.05315365,-71.93894947,ma,2864174.98,1.11,32.0,1.043235312,0.0,0.0,0.0,0.0,0.0,1266.118122,0.0,0.0,0.0,0.0,5.0,4.0,0.0,0.0,0.0,0.0,0.0,0.0,9.0,Ref,1,5.0,3.0,0.0,0.0,0.0,0.0,0.0,0.0,8.0,Ref,,,,,,,,,0.0,GCB,12/20/2019,REF_HIGH,,CSG site
1124350,1124350,6144817,characteristics computed for french river below dam at hodges village ma,42.1184324,-71.8811735,ma,80609223.25,31.12,32.0288287,4.277507599,0.0,32696.85,5476.86,0.0,0.430387386,1249.124319,500.1131286,0.400370981,0.0,0.0,5.0,5.0,0.0,3.0,0.0,5.0,6.0,6.0,21.0,Non-ref,1,5.0,4.0,0.0,3.0,0.0,5.0,6.0,6.0,20.0,Non-ref,Non-ref,NorthEast,26.0,Flow regulated by Hodges Village Reservoir (Reservoir in Thames River basin).,1990 ADR,prox flow control,SAME,SAME,0.0,EAA,12/12/2019,NONREF,Upstream USACE flood control dam built in 1950's,
1161300,1161300,6778545,characteristics computed for millers brook at northfield ma,42.6853055,-72.45257911,ma,6394750.851,2.47,1.75,0.503136205,0.0,0.0,0.0,0.0,0.0,1189.511746,0.0,0.0,0.0,0.0,2.0,3.0,0.0,0.0,0.0,0.0,0.0,0.0,5.0,Ref,1,2.0,2.0,0.0,0.0,0.0,0.0,0.0,0.0,4.0,Ref,,,,,,,,,0.0,GCB,12/20/2019,REF_HIGH,,CSG site
1161500,1161500,9343717,characteristics computed for tarbell brook near winchendon ma,42.71263459,-72.08547146,ma,46456278.99,17.94,1.942637327,0.706511502,0.0,2252.0,1239.0,0.0,0.0,1209.810033,59.76831908,0.049403061,0.0,0.0,2.0,3.0,0.0,2.0,0.0,0.0,4.0,3.0,9.0,Non-ref,1,2.0,2.0,0.0,2.0,0.0,0.0,3.0,3.0,7.0,Ref,Non-ref,NorthEast,8.0,"Some regulation by Pearly and Sip Ponds and Damon Reservoirs 1 mi upstream.  Prior to 1967, greater regulation by these reservoirs and by small mill upstream.",1982 ADR,upstrm regulated impoundments,SAME,NEWREF,2.0,GCB,11/5/2019,REF_HIGH,Upstream reservoirs (Damon Reservoirs),Used in MA peakflow equations
1162000,1162000,9343737,characteristics computed for millers river near winchendon ma,42.68437104,-72.08340318,ma,211655475.7,81.72,15.02438076,1.533031686,0.051786514,27037.51,19183.29,0.403934808,0.112070994,1214.112366,157.501343,0.129725508,0.0,0.0,4.0,4.0,1.0,3.0,5.0,4.0,4.0,4.0,22.0,Non-ref,1,4.0,3.0,3.0,3.0,3.0,3.0,4.0,4.0,20.0,Non-ref,Non-ref,NorthEast,24.0,"Flow regulated by powerplant and by Lake Monomonac and other reservoirs upstream, by waste-water treatment plan",http://web10capp.er.usgs.gov/imf/sites/adr/pdfs/01162000.2005.pdf,upstrm regulated ponds & reservoirs,SAME,SAME,0.0,GCB,12/20/2019,REF_HIGH,"Variable regulations (upstream pond manipulations, wastewater discharge, etc.)",Used in MA peakflow equations
1162500,1162500,9343363,characteristics computed for priest brook near winchendon ma,42.68265284,-72.11495056,ma,123754494.0,47.78,9.620360335,0.545715861,0.0,1123.0,518.0,0.0,0.0,1209.428698,11.18834512,0.009250934,0.0,0.0,3.0,3.0,0.0,2.0,0.0,0.0,2.0,2.0,8.0,Ref,1,3.0,2.0,0.0,2.0,0.0,0.0,1.0,1.0,6.0,Ref,Ref,NorthEast,8.0,"Prior to 1962, occasional diurnal fluctuation at low flow by mill upstream; prior to 1953, regulation at low flow by mill and ponds.",http://wdr.water.usgs.gov/wy2006/pdfs/01162500.2006.pdf,"mostly undeveloped, NEoA",SAME,SAME,0.0,GCB,10/29/2019,REF_ALL,,
1163200,1163200,9343543,characteristics computed for otter river at otter river ma,42.58836921,-72.04094013,ma,87893088.01,33.94,32.04876979,9.617084142,0.0,5508.82,2761.22,1.141737424,1.091661221,1202.830391,77.27712136,0.064246067,0.0,0.0,5.0,6.0,0.0,2.0,6.0,6.0,4.0,3.0,27.0,Non-ref,1,5.0,5.0,0.0,2.0,6.0,7.0,3.0,3.0,26.0,Non-ref,Non-ref,NorthEast,28.0,,http://web10capp.er.usgs.gov/imf/sites/adr/pdfs/01163200.2005.pdf,upstrm suburban,SAME,SAME,2.0,GCB,12/20/2019,REF_HIGH,Upstream wastewater discharges,
1164000,1164000,9343773,characteristics computed for millers river at south royalston ma,42.62975138,-72.15034467,ma,516346253.5,199.36,23.21095532,3.221163784,0.030133867,109446.43,22491.31,0.813614422,0.492186502,1203.121909,261.341059,0.217219101,0.0,0.0,5.0,5.0,1.0,4.0,6.0,5.0,5.0,5.0,27.0,Non-ref,1,5.0,4.0,2.0,4.0,5.0,5.0,4.0,4.0,25.0,Non-ref,Non-ref,NorthEast,23.0,"Flow regulated by Lake Manomonac and other reservoirs, by mills and powerplants prior to 1955, and at high flow by Birch Hill Reservoir since 1941.",1990 ADR,proximal dam,SAME,SAME,0.0,GCB,12/20/2019,NONREF,Upstream USACE flood control dams,
1165000,1165000,9343395,characteristics computed for east branch tully river near athol ma,42.64374447,-72.22489951,ma,126474566.8,48.83,17.36395418,0.370084277,0.0,37387.0,2257.0,0.0,0.0,1200.27333,364.4722722,0.303657728,0.0,0.0,4.0,2.0,0.0,3.0,0.0,0.0,6.0,5.0,12.0,Non-ref,1,4.0,1.0,0.0,3.0,0.0,0.0,5.0,5.0,10.0,Non-ref,Non-ref,NorthEast,15.0,Flow regulated by Tully Lake since 1948.,1990 ADR,outlet of regulated lake,SAME,SAME,0.0,GCB,12/20/2019,NONREF,Upstream USACE flood control dams,
1165300,1165300,166174590,characteristics computed for lake rohunta outlet near athol ma,42.5702919,-72.27200773,ma,51998616.01,20.08,25.15153174,1.443081142,0.0,4105.1,2317.2,0.0,0.0,1170.125091,97.33724124,0.083185329,0.0,0.0,5.0,4.0,0.0,2.0,0.0,0.0,4.0,4.0,13.0,Non-ref,1,5.0,3.0,0.0,2.0,0.0,0.0,3.0,3.0,11.0,Ref,,,,,,,,,0.0,GCB,12/20/2019,NONREF,Usptream lake with level manipulations,
1165500,1165500,9343479,characteristics computed for moss brook at wendell depot ma,42.60255054,-72.36001941,ma,32086756.31,12.39,1.760090931,0.276976681,0.0,600.0,240.0,0.0,0.0,1193.980452,23.05539203,0.01930969,0.0,0.0,2.0,2.0,0.0,1.0,0.0,0.0,3.0,3.0,7.0,Ref,1,2.0,1.0,0.0,1.0,0.0,0.0,2.0,2.0,5.0,Ref,Ref,NorthEast,7.0,,1982 ADR,"NEoA, state forest",SAME,SAME,2.0,GCB,12/20/2019,REF_ALL,,
1166500,1166500,9343517,characteristics computed for millers river at erving ma,42.59762852,-72.43796583,ma,963568201.1,372.03,18.77627006,2.500227671,0.030028695,159106.02,33061.59,0.730698245,0.26024869,1196.988092,203.5875564,0.170083193,0.0,0.0,4.0,5.0,0.0,4.0,6.0,4.0,5.0,4.0,24.0,Non-ref,1,4.0,4.0,2.0,4.0,4.0,4.0,4.0,4.0,22.0,Non-ref,Non-ref,NorthEast,22.0,Flow regulated by powerplants and by Lake Monomonac and other reservoirs;,http://web10capp.er.usgs.gov/imf/sites/adr/pdfs/01166500.2005.pdf,upstrm urban & reservoirs,SAME,SAME,0.0,GCB,12/20/2019,NONREF,Upstream USACE flood control dams,
1167000,1167000,6778943,characteristics computed for connecticut river at turners falls ma,42.61023213,-72.55363234,ma,18534461758.0,7156.16,7.580001534,1.140000231,0.009999891,1581959.82,819574.2,0.160000032,0.070000014,1147.000232,105.2355674,0.091748514,0.0,0.0,3.0,4.0,0.0,6.0,3.0,3.0,4.0,4.0,17.0,Non-ref,1,3.0,3.0,0.0,6.0,2.0,3.0,3.0,3.0,14.0,Non-ref,,,,,,,,,0.0,GCB,12/20/2019,NONREF,Upstream hydropower dams,
1168151,1168151,10294674,characteristics computed for deerfield river near rowe ma,42.68225577,-72.97694351,ma,660026993.7,254.84,34.26252857,0.570557245,0.0,202804.54,165511.9,0.150150224,0.02002003,1481.190815,378.8463018,0.255771436,0.0,0.0,5.0,3.0,0.0,4.0,3.0,2.0,6.0,5.0,19.0,Non-ref,1,6.0,2.0,0.0,4.0,2.0,1.0,5.0,5.0,16.0,Non-ref,Non-ref,NorthEast,22.0,Flow regulated by Somerset and Harriman Reservoirs and by several powerplants upstream.,1997 ADR,proximal reservoir--,SAME,SAME,0.0,GCB,12/20/2019,NONREF,"Directly downstream of a hydropower dam, and a few other hydro power dams and reservoirs",
1168500,1168500,10294852,characteristics computed for deerfield river at charlemont ma,42.62544037,-72.85435987,ma,938339359.4,362.29,25.02353298,0.559135789,0.060086574,204662.61,166606.78,0.110158719,0.020028858,1429.275926,268.9215784,0.188152318,0.0,0.0,5.0,3.0,1.0,4.0,3.0,2.0,5.0,4.0,19.0,Non-ref,1,5.0,2.0,3.0,5.0,1.0,1.0,5.0,4.0,17.0,Non-ref,Non-ref,NorthEast,20.0,"low regulated by Somerset Reservoir, since 1924 by Harriman Reservoir, and by several powerplants upstream.",http://web10capp.er.usgs.gov/imf/sites/adr/pdfs/01168500.2005.pdf,upstrm mainstem reservoirs,SAME,SAME,0.0,GCB,12/20/2019,REF_ALL,Upstream hydropower dams and USACE flood control dam,
1169000,1169000,10294784,characteristics computed for north river at shattuckville ma,42.63824048,-72.7248428,ma,231742795.3,89.48,32.67911202,0.565744003,0.191293336,1078.63,337.22,0.432927024,0.0,1313.379526,5.738697476,0.004369413,0.0,0.0,5.0,3.0,2.0,2.0,5.0,0.0,2.0,2.0,17.0,Non-ref,1,6.0,2.0,4.0,2.0,4.0,0.0,1.0,1.0,17.0,Non-ref,Ref,NorthEast,19.0,"Diurnal fluctuation at times caused by mill upstream; because storage capacity is small, daily flows are not affected appreciably.",http://web10capp.er.usgs.gov/imf/sites/adr/pdfs/01169000.2005.pdf,"lt. ag & development, mostly forested",NEWNONREF,NEWNONREF,1.0,GCB,10/29/2019,REF_ALL,Some minor upstream manipulations by mill,
1169900,1169900,10295340,characteristics computed for south river near conway ma,42.54206962,-72.69373141,ma,62278964.84,24.05,1.771877288,0.94209804,1.790288474,607.9183121,308.0,0.0,0.0,1310.496008,12.03513364,0.009183648,0.0,0.0,2.0,4.0,4.0,1.0,0.0,0.0,2.0,2.0,12.0,Ref,1,2.0,3.0,7.0,1.0,0.0,0.0,1.0,1.0,13.0,Non-ref,Non-ref,NorthEast,9.0,Diurnal fluctuation by small powerplant upstream since April 1982.,http://web10capp.er.usgs.gov/imf/sites/adr/pdfs/01169900.2005.pdf,upstrm regulated lake,NEWREF,SAME,1.0,GCB,10/29/2019,REF_ALL,,
1170000,1170000,10295286,characteristics computed for deerfield river near west deerfield ma,42.53602225,-72.65323115,ma,1450960878.0,560.22,21.74360272,0.650273644,0.27209036,211373.36,171490.36,0.14108389,0.020154841,1379.636921,179.6145957,0.130189757,0.0,0.0,4.0,3.0,3.0,4.0,3.0,2.0,5.0,4.0,20.0,Non-ref,1,5.0,2.0,5.0,5.0,2.0,1.0,4.0,4.0,19.0,Non-ref,Non-ref,NorthEast,19.0,"Flow regulated since 1913 by Somerset Reservoir, since 1924 by Harriman Reservoir, and by several powerplants upstream.",http://web10capp.er.usgs.gov/imf/sites/adr/pdfs/01170000.2005.pdf,upstrm dam,SAME,SAME,0.0,GCB,12/20/2019,REF_HIGH,Upstream hydropower dams and USACE but minimial affect this far downstream,
1170100,1170100,10294622,characteristics computed for green river near colrain ma,42.70340886,-72.67066526,ma,106654591.6,41.18,58.02456927,0.269907432,0.0,130.0,100.0,0.0,0.0,1308.778851,1.502833516,0.001148272,0.0,0.0,6.0,2.0,0.0,0.0,0.0,0.0,1.0,1.0,9.0,Ref,1,8.0,1.0,0.0,0.0,0.0,0.0,0.0,0.0,9.0,Ref,Ref,NorthEast,11.0,,http://web10capp.er.usgs.gov/imf/sites/adr/pdfs/01170100.2005.pdf,NAWQA Reference Site,SAME,SAME,0.0,GCB,10/29/2019,REF_ALL,,
1170500,1170500,6778961,characteristics computed for connecticut river at montague city ma,42.57926564,-72.57437283,ma,20354399703.0,7858.83,8.896715227,1.156143838,0.04003762,1826482.18,1010604.56,0.170110757,0.069570086,1165.018443,110.6379748,0.094966715,0.0,0.0,3.0,4.0,1.0,6.0,4.0,3.0,4.0,4.0,19.0,Non-ref,1,3.0,3.0,2.0,7.0,2.0,3.0,3.0,3.0,16.0,Non-ref,Non-ref,NorthEast,21.0,"Flow regulated by powerplants and by First Connecticut and Second Connecticut Lakes, and other reservoirs",http://web10capp.er.usgs.gov/imf/sites/adr/pdfs/01170500.2005.pdf,proximal regulating dam,SAME,SAME,0.0,GCB,12/20/2019,NONREF,Upstream hydropower and USACE flood control dams,
1171300,1171300,6780965,characteristics computed for fort river near amherst ma,42.35854267,-72.50583735,ma,107416302.9,41.47,4.01512157,2.04418264,0.0,235.7,166.7,0.0,0.01419427,1203.994531,2.70543098,0.002247046,0.0,0.0,2.0,4.0,0.0,1.0,0.0,2.0,1.0,1.0,9.0,Ref,1,2.0,4.0,0.0,0.0,0.0,1.0,0.0,0.0,7.0,Ref,Non-ref,NorthEast,9.0,Diversions upstream for municipal supply of Amherst.,1996 ADR,suburban development,NEWREF,NEWREF,1.0,GCB,12/20/2019,REF_HIGH,Upstream withdrawals for municipal water supply,
1171500,1171500,6781041,characteristics computed for mill river at northampton ma,42.31902116,-72.6650574,ma,136472420.8,52.69,4.12075942,1.505454446,0.090455695,6268.407173,3935.1,0.0,0.010050633,1273.415167,56.63167155,0.044472277,0.0,0.0,2.0,4.0,2.0,2.0,0.0,1.0,3.0,3.0,12.0,Ref,1,2.0,3.0,3.0,2.0,0.0,0.0,3.0,3.0,11.0,Ref,Non-ref,NorthEast,9.0,"Prior to Oct. 1, 2002, flow regulated by mill upstream of original gage location.",http://web10capp.er.usgs.gov/imf/sites/adr/pdfs/01171500.2005.pdf,proximal suburban,NEWREF,NEWREF,1.0,GCB,10/29/2019,REF_ALL,,
1172000,1172000,6782183,characteristics computed for connecticut river at holyoke ma,42.21316056,-72.60246271,ma,21499813840.0,8301.08,8.710000137,1.29000002,0.040000001,1902994.85,1072585.92,0.200000003,0.070000001,1167.000018,109.1314663,0.093514537,0.0,0.0,3.0,4.0,1.0,6.0,4.0,3.0,4.0,4.0,19.0,Non-ref,1,3.0,3.0,2.0,7.0,2.0,3.0,3.0,3.0,16.0,Non-ref,,,,,,,,,0.0,GCB,10/29/2019,NONREF,Upstream hydropower dams,
1172500,1172500,7691387,characteristics computed for ware river near barre ma,42.42583407,-72.02516873,ma,142758711.6,55.12,32.0,1.24585169,0.0,79362.4,11704.7,0.0,0.0,1205.372901,685.4239098,0.56864055,0.0,0.0,5.0,4.0,0.0,4.0,0.0,0.0,7.0,7.0,16.0,Non-ref,1,5.0,3.0,0.0,4.0,0.0,0.0,7.0,7.0,15.0,Non-ref,Non-ref,NorthEast,29.0,Flow regulated by Barre Falls Reservoir since 1958. Diversion at times since 1955 for municipal supply of Fitchburg.,http://web10capp.er.usgs.gov/imf/sites/adr/pdfs/01172500.2005.pdf,proximal reservoir--,SAME,SAME,0.0,GCB,12/20/2019,NONREF,Upstream USACE flood control dam,
1173000,1173000,7691403,characteristics computed for ware river at intake works near barre ma,42.39053524,-72.06036841,ma,249556689.6,96.35,32.0,1.028148786,0.050609789,82120.8,13345.8,0.0,0.018607401,1199.133213,405.7243119,0.33834799,0.0,0.0,5.0,4.0,1.0,4.0,0.0,2.0,6.0,5.0,18.0,Non-ref,1,5.0,3.0,3.0,4.0,0.0,1.0,6.0,5.0,18.0,Non-ref,Non-ref,NorthEast,27.0,regulated by Barre Falls Reservoir 4.3 mi upstream,http://web10capp.er.usgs.gov/imf/sites/adr/pdfs/01173000.2005.pdf,proximal dam/diversion,SAME,SAME,0.0,GCB,12/20/2019,NONREF,Upstream USACE flood control dam and occassional water-supply withdrawals,Could use record for peakflows from 1929-57 prior to USACE flood control dam
1173500,1173500,7690465,characteristics computed for ware river at gibbs crossing ma,42.23612852,-72.27256845,ma,511454048.2,197.47,29.62207668,1.372249636,0.110451495,86141.13,15364.28,0.190779855,0.150615675,1205.986258,207.6591256,0.172190292,0.0,0.0,5.0,4.0,2.0,4.0,4.0,4.0,5.0,4.0,24.0,Non-ref,1,5.0,3.0,4.0,4.0,2.0,4.0,4.0,4.0,22.0,Non-ref,Non-ref,NorthEast,31.0,Flow regulated by mills upstream and by Barre Falls Reservoir (see station 01172500) since 1958.,http://web10capp.er.usgs.gov/imf/sites/adr/pdfs/01173500.2005.pdf,upstrm regulated lakes,SAME,SAME,0.0,GCB,12/20/2019,NONREF,Upstream USACE flood control dam and occassional water-supply withdrawals,Could use record for peakflows from 1913-57 prior to USACE flood control dam
1174000,1174000,7691333,characteristics computed for hop brook near new salem ma,42.47849571,-72.33445345,ma,9235877.87,3.57,1.806773696,0.825953689,0.180078296,0.0,0.0,0.0,0.0,1320.853497,0.0,0.0,0.0,0.0,2.0,3.0,2.0,0.0,0.0,0.0,0.0,0.0,7.0,Ref,1,2.0,2.0,4.0,0.0,0.0,0.0,0.0,0.0,8.0,Ref,Ref,NorthEast,10.0,,1982 ADR,"mostly roadless, NEoA",SAME,SAME,0.0,GCB,10/29/2019,REF_ALL,,
1174500,1174500,7691881,characteristics computed for east branch swift river near hardwick ma,42.3930965,-72.23909629,ma,113085455.7,43.66,32.0,0.410009721,0.0,497.8,376.0,0.0,0.010000237,1201.028475,5.42744232,0.004518996,0.0,0.0,5.0,2.0,0.0,1.0,0.0,0.0,2.0,2.0,9.0,Ref,1,5.0,2.0,0.0,1.0,0.0,0.0,1.0,1.0,8.0,Ref,Non-ref,NorthEast,11.0,On spillway,http://web10capp.er.usgs.gov/imf/sites/adr/pdfs/01174500.2005.pdf,prox regulating dam,NEWREF,NEWREF,1.0,GCB,12/20/2019,REF_HIGH,"Directly downstream of small dam, but dam causes no flow during some low-flow periods ",
1174565,1174565,7690043,characteristics computed for west branch swift river near shutesbury ma,42.45508888,-72.38175412,ma,33059499.13,12.76,1.750462548,0.250066078,0.0,0.0,0.0,0.0,0.0,1290.340964,0.0,0.0,0.0,0.0,2.0,2.0,0.0,0.0,0.0,0.0,0.0,0.0,4.0,Ref,1,2.0,1.0,0.0,0.0,0.0,0.0,0.0,0.0,3.0,Ref,Ref,NorthEast,8.0,,http://wdr.water.usgs.gov/wy2008/pdfs/01174565.2008.pdf,"forest & lt develop, NEoA",SAME,SAME,0.0,GCB,10/29/2019,REF_ALL,,
1174600,1174600,7690217,characteristics computed for cadwell creek near pelham ma,42.35444833,-72.38811959,ma,1573452.367,0.61,4.370000192,0.416299433,0.0,0.0,0.0,0.0,0.0,1245.028057,0.0,0.0,0.0,0.0,3.0,2.0,0.0,0.0,0.0,0.0,0.0,0.0,5.0,Ref,1,3.0,2.0,0.0,0.0,0.0,0.0,0.0,0.0,5.0,Ref,Ref,NorthEast,9.0,No flow at times in several water years.,1994 ADR,"roadless, NEoA",SAME,SAME,0.0,GCB,10/29/2019,REF_ALL,,
1174900,1174900,7691481,characteristics computed for cadwell creek near belchertown ma,42.3356546,-72.36987461,ma,6985708.063,2.70,4.481733462,0.163716757,0.0,0.0,0.0,0.0,0.0,1274.781394,0.0,0.0,0.0,0.0,3.0,1.0,0.0,0.0,0.0,0.0,0.0,0.0,4.0,Ref,1,3.0,0.0,0.0,0.0,0.0,0.0,0.0,0.0,3.0,Ref,Ref,NorthEast,7.0,,1997 ADR,"mostly roadless, NEoA",SAME,SAME,0.0,GCB,10/29/2019,REF_ALL,,
1175500,1175500,7691607,characteristics computed for swift river at west ware ma,42.26794263,-72.33269883,ma,490221859.5,189.27,15.76828654,0.289029487,0.030640555,5450553.1,3814445.53,0.0,-0.002953228,1234.60782,13708.65917,11.1036549,0.0,1.0,4.0,2.0,1.0,7.0,0.0,0.0,8.0,8.0,,,1,4.0,1.0,2.0,8.0,0.0,0.0,8.0,8.0,,,Non-ref,NorthEast,15.0,"Flow regulated since August 1939 by Quabbin Reservoir,",http://web10capp.er.usgs.gov/imf/sites/adr/pdfs/01175500.2005.pdf,proximal reservoir--,,,1.0,GCB,10/29/2019,NONREF,Upstream water-supply reservoir for metropolitan Boston,There is some record prior to dam completion that record could be used from Oct. 1912 to July 1939
1175670,1175670,7690413,characteristics computed for sevenmile river near spencer ma,42.26483125,-72.00528283,ma,23770102.8,9.18,32.0,0.774031871,0.183649347,359.61,215.68,0.0,0.193852088,1224.887883,18.65296078,0.015228301,0.0,0.0,5.0,3.0,2.0,1.0,0.0,4.0,3.0,2.0,17.0,Non-ref,1,5.0,2.0,4.0,1.0,0.0,4.0,2.0,2.0,17.0,Non-ref,Non-ref,NorthEast,14.0,Occasional regulation by ponds upstream since 1971,http://web10capp.er.usgs.gov/imf/sites/adr/pdfs/01175670.2005.pdf,several upstrm regulated ponds,SAME,SAME,2.0,GCB,12/20/2019,REF_HIGH,Upstream withdrawals for gravel operation,
1176000,1176000,7690649,characteristics computed for quaboag river at west brimfield ma,42.18241207,-72.26344472,ma,386194038.2,149.11,32.07330462,1.966618612,0.060286206,21949.63,10737.61,0.522480456,0.110524712,1230.063013,70.07590506,0.056969362,0.0,0.0,5.0,4.0,1.0,3.0,5.0,4.0,4.0,3.0,23.0,Non-ref,1,6.0,4.0,3.0,3.0,4.0,3.0,3.0,3.0,23.0,Non-ref,Non-ref,NorthEast,26.0,Slight diurnal fluctuation at low flow caused by mill prior to 1956; High flow slightly affected by retarding reservoirs since 1965,http://web10capp.er.usgs.gov/imf/sites/adr/pdfs/01176000.2005.pdf,upstrm regulating dams,SAME,SAME,2.0,GCB,12/20/2019,REF_ALL,Some upstream wastewater discharges but minimial,
1177000,1177000,7692453,characteristics computed for chicopee river at indian orchard ma,42.16076541,-72.51396331,ma,1785955416.0,689.56,26.19756786,1.659328534,0.090086268,5592873.17,3860648.51,0.220210877,0.129115629,1220.0373,3861.103423,3.164742113,0.0,0.0,5.0,4.0,2.0,7.0,4.0,4.0,8.0,8.0,27.0,Non-ref,1,5.0,3.0,3.0,8.0,2.0,3.0,8.0,8.0,24.0,Non-ref,Non-ref,NorthEast,27.0,Diversion since 1941 from 186 mi² in Swift River basin and at times since 1931 from 97 mi² in Ware River basin,http://web10capp.er.usgs.gov/imf/sites/adr/pdfs/01177000.2005.pdf,prox urban & regulated ponds,SAME,SAME,0.0,GCB,10/30/2019,NONREF,Upstream water-supply reservoir for metropolitan Boston and hydropower dam,
1179500,1179500,6097249,characteristics computed for westfield river at knightville ma,42.2879075,-72.86430008,ma,419147733.4,161.83,4.26125652,0.620099787,0.300088487,69826.6,4336.1,0.24007079,0.0,1314.387574,205.4001946,0.156270645,0.0,0.0,2.0,3.0,3.0,4.0,4.0,0.0,5.0,4.0,17.0,Non-ref,1,2.0,2.0,5.0,4.0,2.0,0.0,4.0,4.0,15.0,Non-ref,Non-ref,NorthEast,17.0,Flow regulated by Knightville Reservoir since 1941.,http://web10capp.er.usgs.gov/imf/sites/adr/pdfs/01179500.2005.pdf,proximal reservoir--Knightville,SAME,SAME,0.0,GCB,12/20/2019,NONREF,Upstream USACE flood control dam,Could use record for peakflows from 1910-41 prior to upstream reservoir
1180000,1180000,6096229,characteristics computed for sykes brook at knightville ma,42.29095138,-72.87033975,ma,3619944.571,1.40,12.63101253,0.233464185,0.0,0.0,0.0,0.0,0.0,1408.260402,0.0,0.0,0.0,0.0,4.0,2.0,0.0,0.0,0.0,0.0,0.0,0.0,6.0,Ref,1,3.0,1.0,0.0,0.0,0.0,0.0,0.0,0.0,4.0,Ref,Ref,NorthEast,11.0,,1974 ADR,"upstrm pond, but appears unregulated, mostly forested basin",SAME,SAME,0.0,GCB,10/30/2019,REF_ALL,,
1180500,1180500,6097255,characteristics computed for middle branch westfield river at goss heights ma,42.258837,-72.87258349,ma,136591612.5,52.74,14.49930687,0.208702428,0.0,40600.0,9400.0,0.0,0.0,1402.248803,366.4789871,0.2613509,0.0,0.0,4.0,2.0,0.0,3.0,0.0,0.0,6.0,5.0,12.0,Non-ref,1,4.0,1.0,0.0,4.0,0.0,0.0,5.0,5.0,10.0,Non-ref,Non-ref,NorthEast,19.0,Some diurnal fluctuation at low flow prior to 1952 caused by mill upstream.  Flow regulated by Littleville Lake since 1965.,1990 ADR,proximal reservoir--,SAME,SAME,0.0,GCB,12/20/2019,NONREF,Upstream USACE flood control dam,Could use record for low-flow and peakflows from 1911-1964 prior to USACE flood control dam
1181000,1181000,6096297,characteristics computed for west branch westfield river at huntington ma,42.23704654,-72.895851,ma,243073978.6,93.85,15.02416003,0.435844729,0.0,9994.51,5393.32,0.0,0.0,1435.594068,50.69558211,0.035313313,0.0,0.0,4.0,2.0,0.0,3.0,0.0,0.0,3.0,3.0,9.0,Ref,1,4.0,2.0,0.0,3.0,0.0,0.0,3.0,2.0,9.0,Ref,Ref,NorthEast,12.0,,http://web10capp.er.usgs.gov/imf/sites/adr/pdfs/01181000.2005.pdf,"mostly forest,lt development",SAME,SAME,2.0,GCB,10/29/2019,REF_ALL,,
1183500,1183500,6097467,characteristics computed for westfield river near westfield ma,42.10598839,-72.69893674,ma,1289654583.0,497.94,19.26005519,1.799881376,0.160000458,260526.58,106950.71,0.310000888,0.100000287,1342.003845,249.0724596,0.185597426,0.0,0.0,4.0,4.0,2.0,4.0,4.0,4.0,5.0,4.0,23.0,Non-ref,1,4.0,4.0,4.0,5.0,3.0,3.0,4.0,4.0,22.0,Non-ref,Non-ref,NorthEast,25.0,"Flow regulated by Borden Brook Reservoir, Cobble Mountain Reservoir since 1931, Knightville Reservoir since 1941...",http://web10capp.er.usgs.gov/imf/sites/adr/pdfs/01183500.2005.pdf,proximal urban,SAME,SAME,0.0,GCB,12/20/2019,NONREF,Upstream USACE flood control dams,Could use record for peakflows from 1915-1940 prior to USACE flood control dam
1183810,1183810,7698828,characteristics computed for longmeadow bk at pondside rd nr longmeadow ma,42.03951023,-72.5917576,ma,10913037.42,4.21,38.06931536,18.19984024,0.0,59.0,23.0,0.0,0.0,1191.4445,6.665817884,0.005594736,0.0,0.0,5.0,7.0,0.0,0.0,0.0,0.0,2.0,2.0,14.0,Non-ref,1,7.0,6.0,0.0,0.0,0.0,0.0,1.0,1.0,14.0,Non-ref,,,,,,,,,0.0,GCB,12/20/2019,REF_HIGH,,CSG site
1185500,1185500,6107147,characteristics computed for west branch farmington river near new boston ma,42.07862485,-73.07311239,ma,237793390.1,91.81,9.282139305,0.523545626,0.0,40579.06,28478.6,0.0,0.072398036,1354.263337,210.4017177,0.155362485,0.0,0.0,3.0,3.0,0.0,3.0,0.0,3.0,5.0,4.0,14.0,Non-ref,1,3.0,2.0,0.0,4.0,0.0,3.0,4.0,4.0,12.0,Non-ref,Non-ref,NorthEast,20.0,Flow regulated by Otis Reservoir 7.0 mi upstream on Fall River.,http://web10capp.er.usgs.gov/imf/sites/adr/pdfs/01185500.2005.pdf,upstrm reservoir on trib,SAME,SAME,0.0,EAA,12/12/2019,REF_HIGH,,
1187300,1187300,6105951,characteristics computed for hubbard river near west hartland ct,42.03717956,-72.93967564,ct,53296205.12,20.58,38.3993394,0.184074702,0.0,246.56,202.1,0.0,0.0,1348.47584,5.703919813,0.004229901,0.0,0.0,5.0,1.0,0.0,1.0,0.0,0.0,2.0,2.0,8.0,Ref,1,7.0,0.0,0.0,0.0,0.0,0.0,1.0,0.0,8.0,Ref,Ref,NorthEast,8.0,,2003 ADR,"mostly roadless, NEoA",SAME,SAME,0.0,GCB,10/29/2019,REF_ALL,,
1197000,1197000,7709630,characteristics computed for east branch housatonic river at coltsville ma,42.46931724,-73.19729376,ma,149444559.7,57.70,4.85,1.849341433,0.0,13687.4,9427.8,0.672841423,0.381611553,1285.438682,112.924435,0.087848947,0.0,0.0,3.0,4.0,0.0,3.0,5.0,5.0,4.0,4.0,21.0,Non-ref,1,3.0,4.0,0.0,3.0,4.0,5.0,3.0,3.0,19.0,Non-ref,Non-ref,NorthEast,23.0,"Flow regulated by powerplants upstream and, since 1949, by Cleveland Brook Reservoir for municipal water supply of Pittsfield",http://web10capp.er.usgs.gov/imf/sites/adr/pdfs/01197000.2005.pdf,proximal urban,SAME,SAME,0.0,GCB,12/20/2019,REF_HIGH,Upstream municipal water-supply withdrawals,
1197500,1197500,7710210,characteristics computed for housatonic river near great barrington ma,42.23195303,-73.35462614,ma,724540365.2,279.75,4.85,3.490290123,0.020077615,73981.46,42050.67,1.104268835,0.271047805,1237.233764,125.8946831,0.101754969,0.0,0.0,3.0,5.0,0.0,4.0,6.0,5.0,4.0,4.0,23.0,Non-ref,1,3.0,4.0,1.0,4.0,6.0,4.0,4.0,3.0,22.0,Non-ref,Non-ref,NorthEast,24.0,Regulation at low flow by powerplants upstream. High flow slightly affected by retarding reservoir since 1973.,http://web10capp.er.usgs.gov/imf/sites/adr/pdfs/01197500.2005.pdf,prox regulated pond,SAME,SAME,0.0,GCB,12/20/2019,REF_HIGH,Upstream manipulations for hydropower and paper mills,
1198000,1198000,7709954,characteristics computed for green river near great barrington ma,42.19286252,-73.39135311,ma,131858562.6,50.91,3.428486669,0.41107437,0.094070735,1100.0,917.0,0.0,0.010452304,1213.45651,10.28564249,0.008476317,0.0,0.0,2.0,2.0,2.0,2.0,0.0,1.0,2.0,2.0,9.0,Ref,1,2.0,2.0,3.0,2.0,0.0,1.0,1.0,1.0,9.0,Ref,Ref,NorthEast,9.0,,1996 ADR,"mixed forest & pasture, lt development, small impoundments on some tribs, NEoA",SAME,SAME,0.0,GCB,10/29/2019,REF_ALL,,
1331500,1331500,22290241,characteristics computed for hoosic river at adams ma,42.61124831,-73.12405652,ma,121140426.7,46.77,4.850000001,1.780663343,0.0,20.0,16.0,0.0,0.040269941,1245.661995,0.203557905,0.000163413,0.0,0.0,3.0,4.0,0.0,0.0,0.0,3.0,0.0,0.0,10.0,Ref,2,2.0,3.0,0.0,0.0,0.0,2.0,0.0,0.0,7.0,Ref,Non-ref,NorthEast,8.0,Diversion upstream for municipal water supply of Adams. Flow regulated by Cheshire Reservoir 5.1 mi upstream.,http://web10capp.er.usgs.gov/imf/sites/adr/pdfs/01331500.2005.pdf,upstrm reservoir. Proximal urban,NEWREF,NEWREF,1.0,GCB,11/8/2019,REF_HIGH,Upstream reservoir level manipulations,
1332000,1332000,22290377,characteristics computed for north branch hoosic river at north adams ma,42.70248321,-73.09324677,ma,106425406.5,41.09,2.170003434,0.798874502,0.0,554.3149546,309.4,0.0,0.0,1315.583415,6.421823345,0.00488135,0.0,0.0,2.0,3.0,0.0,1.0,0.0,0.0,2.0,2.0,7.0,Ref,2,2.0,3.0,0.0,2.0,0.0,0.0,2.0,2.0,7.0,Ref,Non-ref,NorthEast,8.0,Infrequent diurnal fluctuation at low flow by mill upstream; more frequent fluctuation prior to 1948.,1990 ADR,small upstrm lowhead dams,NEWREF,NEWREF,1.0,GCB,11/8/2019,REF_ALL,,Discontinued in early 1990's
1332500,1332500,22290185,characteristics computed for hoosic river near williamstown ma,42.70042567,-73.15900047,ma,328435212.9,126.81,3.979945222,2.912102062,0.0,1141.5,692.4,0.303507481,0.364208977,1262.610268,4.28522154,0.003393938,0.0,0.0,2.0,5.0,0.0,2.0,4.0,5.0,2.0,1.0,18.0,Non-ref,2,2.0,4.0,0.0,2.0,3.0,4.0,2.0,2.0,15.0,Non-ref,Non-ref,NorthEast,18.0,Some regulation by Cheshire Reservoir 16 miles upstream.,http://web10capp.er.usgs.gov/imf/sites/adr/pdfs/01332500.2005.pdf,proximal urban,SAME,SAME,0.0,GCB,11/8/2019,REF_HIGH,Upstream stream corridor is in concrete lines channel for a few miles and some wastewater discharges,
1333000,1333000,22290373,characteristics computed for green river at williamstown ma,42.70903386,-73.19677926,ma,110550856.8,42.68,4.897624623,0.956422375,0.0,0.0,0.0,0.0,0.0,1226.271418,0.0,0.0,0.0,0.0,3.0,4.0,0.0,0.0,0.0,0.0,0.0,0.0,7.0,Ref,2,2.0,3.0,0.0,0.0,0.0,0.0,0.0,0.0,5.0,Ref,Ref,NorthEast,7.0,Slight diurnal fluctuation at times caused by mill upstream.,http://web10capp.er.usgs.gov/imf/sites/adr/pdfs/01333000.2005.pdf,prox. Mod. Ag & suburban,SAME,SAME,0.0,GCB,11/8/2019,REF_ALL,,
11058837,11058837,5878731,characteristics computed for quashnet river at waquoit village ma,41.59224562,-70.50768719,ma,28780016.57,11.11,4.321775755,15.65356492,0.870000636,1846.45,794.58,0.0,0.644740439,1205.045923,79.10311559,0.065643237,0.0,0.0,3.0,6.0,4.0,2.0,0.0,6.0,4.0,3.0,23.0,Non-ref,1,3.0,6.0,6.0,2.0,0.0,6.0,3.0,3.0,24.0,Non-ref,,,,,,,,,2.0,GCB,12/20/2019,REF_HIGH,Upstream manipulations for cranberry bogs,Streamgage is not used in state-wide regression equations since the SW drainage divide and GW drainage divide do not coincide
